stack,scenario,concurrency,operations,wire_attempts,token_assignment,timestamp_assignment,token_role,timestamp_role,adjacency_role,token_edge_f1,timestamp_edge_f1
requests,constituent,1,6,24,1.0,1.0,1.0,1.0,0.25,1.0,1.0
requests,constituent,2,12,48,1.0,0.4375,1.0,0.7083333333333334,0.25,1.0,0.3636363636363636
requests,constituent,4,24,96,1.0,0.03125,1.0,0.5208333333333334,0.25,1.0,0.0
requests,constituent,8,48,192,1.0,0.015625,1.0,0.4427083333333333,0.25,1.0,0.0
requests,nested,1,6,24,1.0,1.0,1.0,1.0,1.0,1.0,1.0
requests,nested,2,12,48,1.0,0.5,1.0,0.75,1.0,1.0,0.5142857142857143
requests,nested,4,24,96,1.0,0.03125,1.0,0.59375,1.0,1.0,0.0
requests,nested,8,48,192,1.0,0.015625,1.0,0.4635416666666667,1.0,1.0,0.0078125
requests,recovery,1,6,12,1.0,1.0,1.0,1.0,0.5,1.0,1.0
requests,recovery,2,12,24,1.0,0.5,1.0,0.5,0.5,1.0,0.5
requests,recovery,4,24,48,1.0,0.08333333333333333,1.0,0.25,0.5,1.0,0.048780487804878044
requests,recovery,8,48,96,1.0,0.020833333333333332,1.0,0.125,0.5,1.0,0.0
requests,retry,1,6,12,1.0,1.0,1.0,1.0,1.0,1.0,1.0
requests,retry,2,12,24,1.0,0.5,1.0,0.5,1.0,1.0,0.5217391304347826
requests,retry,4,24,48,1.0,0.08333333333333333,1.0,0.25,1.0,1.0,0.05128205128205127
requests,retry,8,48,96,1.0,0.020833333333333332,1.0,0.125,1.0,1.0,0.0
urllib3,constituent,1,6,24,1.0,1.0,1.0,1.0,0.25,1.0,1.0
urllib3,constituent,2,12,48,1.0,0.5,1.0,0.75,0.25,1.0,0.5217391304347826
urllib3,constituent,4,24,96,1.0,0.03125,1.0,0.5625,0.25,1.0,0.0
urllib3,constituent,8,48,192,1.0,0.015625,1.0,0.4895833333333333,0.25,1.0,0.021052631578947368
urllib3,nested,1,6,24,1.0,1.0,1.0,1.0,1.0,1.0,1.0
urllib3,nested,2,12,48,1.0,0.5,1.0,0.75,1.0,1.0,0.5070422535211268
urllib3,nested,4,24,96,1.0,0.041666666666666664,1.0,0.5833333333333334,1.0,1.0,0.014705882352941176
urllib3,nested,8,48,192,1.0,0.010416666666666666,1.0,0.5520833333333334,1.0,1.0,0.0
urllib3,recovery,1,6,12,1.0,1.0,1.0,1.0,0.5,1.0,1.0
urllib3,recovery,2,12,24,1.0,0.5,1.0,0.5,0.5,1.0,0.5454545454545454
urllib3,recovery,4,24,48,1.0,0.0625,1.0,0.25,0.5,1.0,0.0
urllib3,recovery,8,48,96,1.0,0.020833333333333332,1.0,0.125,0.5,1.0,0.0
urllib3,retry,1,6,12,1.0,1.0,1.0,1.0,1.0,1.0,1.0
urllib3,retry,2,12,24,1.0,0.5,1.0,0.5,1.0,1.0,0.5
urllib3,retry,4,24,48,1.0,0.0625,1.0,0.25,1.0,1.0,0.0
urllib3,retry,8,48,96,1.0,0.020833333333333332,1.0,0.125,1.0,1.0,0.0
