id,mode,scenario,scale,n,budget_ms,cleanup_pass,timeout_signals,healthy_success,wire_min,wire_max,median_cleanup_ms,min_cleanup_ms,max_cleanup_ms,median_setup_ms
thread_future_success_1.0,thread_future,success,1.0,6,250.0,6,0,6,1,1,1.8073885000262635,1.0895049999817275,4.839626000034514,0.07156799995300389
thread_future_success_1.5,thread_future,success,1.5,6,375.0,6,0,6,1,1,1.7134340000097836,1.4530739999827347,1.9740999999839914,0.07176299999400726
thread_future_trickle_1.0,thread_future,trickle,1.0,6,250.0,0,6,0,1,1,603.6151520000317,603.0933209999603,604.1423659999055,0.06126750002977133
thread_future_trickle_1.5,thread_future,trickle,1.5,6,375.0,0,6,0,1,1,903.8255379999782,903.2840140000644,907.1654360000139,0.0686844999790992
thread_future_slow_headers_1.0,thread_future,slow_headers,1.0,6,250.0,0,6,0,1,1,302.2196619999704,301.7535080000471,304.51148899999225,0.07487750002610483
thread_future_slow_headers_1.5,thread_future,slow_headers,1.5,6,375.0,0,6,0,1,1,452.03846949999615,451.82393400000365,452.3693020000792,0.05818799996859525
thread_future_retry_delay_1.0,thread_future,retry_delay,1.0,6,250.0,0,6,0,2,2,453.02418750003426,452.83276700001807,453.08706900004836,0.07825800003047334
thread_future_retry_delay_1.5,thread_future,retry_delay,1.5,6,375.0,0,6,0,2,2,677.9989449999562,677.7277880000838,678.4368979999726,0.05460750003294379
process_watchdog_success_1.0,process_watchdog,success,1.0,6,250.0,6,0,6,1,1,156.23902750002117,130.33685800007788,165.3940019999709,466.6790640000045
process_watchdog_success_1.5,process_watchdog,success,1.5,6,375.0,6,0,6,1,1,177.84340550002753,139.96346999999787,205.08120599993163,478.4742680000136
process_watchdog_trickle_1.0,process_watchdog,trickle,1.0,6,250.0,6,6,0,1,1,254.01486900000236,253.65686300006018,254.4155090000686,462.3437699999613
process_watchdog_trickle_1.5,process_watchdog,trickle,1.5,6,375.0,6,6,0,1,1,379.2956604999631,378.51745199998277,380.5948310000531,464.142486500009
process_watchdog_slow_headers_1.0,process_watchdog,slow_headers,1.0,6,250.0,6,6,0,1,1,254.1647420000004,253.2325239999409,254.64892800005146,459.2778425000006
process_watchdog_slow_headers_1.5,process_watchdog,slow_headers,1.5,6,375.0,6,6,0,1,1,380.82840499993154,378.93981699994583,386.2767770000346,484.02274649998844
process_watchdog_retry_delay_1.0,process_watchdog,retry_delay,1.0,6,250.0,6,6,0,1,1,254.21786449999217,253.73186099989198,275.2710700000307,462.7209070000049
process_watchdog_retry_delay_1.5,process_watchdog,retry_delay,1.5,6,375.0,6,6,0,1,1,379.192165500001,378.57180399998924,380.3020600000764,488.49137100000917
