id,mode,scenario,scale,n,wire_min,wire_max,outcome,budget_ms,median_ms,min_ms,max_ms,body_pass,cleanup_pass
inactivity_success_1,inactivity,success,1,6,1,1,success,100.0,4.203469500055235,3.5602589999825796,12.348099999940132,6,6
inactivity_success_1.5,inactivity,success,1.5,6,1,1,success,150.00000000000003,4.225229500036676,3.3171860000038578,6.2363499999946725,6,6
inactivity_trickle_1,inactivity,trickle,1,6,1,1,success,100.0,307.648649999976,306.7371390000062,308.38650399994094,0,0
inactivity_trickle_1.5,inactivity,trickle,1.5,6,1,1,success,150.00000000000003,458.0445049999753,456.2450800000306,479.2684090000421,0,0
inactivity_slow_headers_1,inactivity,slow_headers,1,6,1,1,error,100.0,84.41863600000943,83.5562590000336,109.93607300008534,6,6
inactivity_slow_headers_1.5,inactivity,slow_headers,1.5,6,1,1,error,150.00000000000003,124.14251150005384,123.25576600005661,125.61110800004371,6,6
inactivity_retry_delay_1,inactivity,retry_delay,1,6,2,2,success,100.0,191.39480499995898,188.62951100004466,203.85767400000532,0,0
inactivity_retry_delay_1.5,inactivity,retry_delay,1.5,6,2,2,success,150.00000000000003,279.46546800001215,278.70646000008037,299.818347999917,0,0
admission_success_1,admission,success,1,6,1,1,success,100.0,4.877655999962371,4.25056099993526,29.89712300006886,6,6
admission_success_1.5,admission,success,1.5,6,1,1,success,150.00000000000003,4.382141000007778,3.954631000055997,5.634721999967951,6,6
admission_trickle_1,admission,trickle,1,6,1,1,success,100.0,307.9316975000097,306.56988499993076,315.85269400000016,0,0
admission_trickle_1.5,admission,trickle,1.5,6,1,1,success,150.00000000000003,457.76832249998733,456.04001600008814,466.01601099996515,0,0
admission_slow_headers_1,admission,slow_headers,1,6,1,1,error,100.0,84.21468649993358,83.4482669999943,99.17135899991081,6,6
admission_slow_headers_1.5,admission,slow_headers,1.5,6,1,1,error,150.00000000000003,124.062471000002,123.23302400000102,126.94385300005706,6,6
admission_retry_delay_1,admission,retry_delay,1,6,1,1,error,100.0,4.331518999947548,3.4489900000380658,5.030644000044049,6,6
admission_retry_delay_1.5,admission,retry_delay,1.5,6,1,1,error,150.00000000000003,5.245787999967888,3.9985180000030596,57.88767299998199,6,6
asyncio_timeout_success_1,asyncio_timeout,success,1,6,1,1,success,100.0,6.883092500061139,3.8923609999983455,87.34070600007726,6,6
asyncio_timeout_success_1.5,asyncio_timeout,success,1.5,6,1,1,success,150.00000000000003,5.130758000007063,3.669989000059104,10.719173999973464,6,6
asyncio_timeout_trickle_1,asyncio_timeout,trickle,1,6,1,1,error,100.0,101.88570900004379,100.98324000000503,102.66717100000733,6,6
asyncio_timeout_trickle_1.5,asyncio_timeout,trickle,1.5,6,1,1,error,150.00000000000003,152.35138850005114,151.10830599996916,153.39346100006424,6,6
asyncio_timeout_slow_headers_1,asyncio_timeout,slow_headers,1,6,1,1,error,100.0,84.88732849997405,83.39727499992478,102.82916200003456,6,6
asyncio_timeout_slow_headers_1.5,asyncio_timeout,slow_headers,1.5,6,1,1,error,150.00000000000003,123.8234715000317,123.34996499998852,124.04288699997323,6,6
asyncio_timeout_retry_delay_1,asyncio_timeout,retry_delay,1,6,1,1,error,100.0,100.86032700002079,100.53662500001792,101.49004199990941,6,6
asyncio_timeout_retry_delay_1.5,asyncio_timeout,retry_delay,1.5,6,1,1,error,150.00000000000003,151.75867099998186,150.66355700002987,152.4701419999701,6,6
