id,n,family,mode,scenario,success,wrong_success,content_mismatch,retry_mismatch,retry_unknown,wire_min,wire_max,min_ms,median_ms,max_ms
fsspec_known_size_17,6,constituent_reads,known_size,success,6,0,0,0,0,6,6,10.596905000056722,13.140149499974996,316.781404999972
fsspec_known_size_31,6,constituent_reads,known_size,success,6,0,0,0,0,4,4,7.736400999988291,8.593399499972065,26.45306800002345
fsspec_known_size_8,6,constituent_reads,known_size,success,6,0,0,0,0,12,12,23.294533000012052,119.57092149998516,294.57964400000947
fsspec_metadata_17,6,constituent_reads,metadata,success,6,0,0,0,0,7,7,11.179322000032244,12.58497149999016,27.35171500000888
fsspec_metadata_31,6,constituent_reads,metadata,success,6,0,0,0,0,5,5,10.655058000054396,40.8819549999464,264.2165639999803
fsspec_metadata_8,6,constituent_reads,metadata,success,6,0,0,0,0,13,13,20.727056999930937,34.85653449999404,306.10264700004564
pooch_hash0_corrupt_always,6,download,pooch_hash0,corrupt_always,0,0,0,0,0,1,1,3.399959000034869,5.655475500020657,9.495578999917598
pooch_hash0_corrupt_once,6,download,pooch_hash0,corrupt_once,0,0,0,0,0,1,1,3.9099000000533124,5.000599499965119,9.004575000062687
pooch_hash0_denied,6,download,pooch_hash0,denied,0,0,0,0,0,1,1,3.869846999918991,5.015329999963569,6.301163999978598
pooch_hash0_persistent,6,download,pooch_hash0,persistent,0,0,0,0,0,1,1,2.9429359999539884,3.1993284999600746,3.8030210000670195
pooch_hash0_success,6,download,pooch_hash0,success,6,0,0,0,0,1,1,3.9100510000480426,5.75431749996369,17.671034000045438
pooch_hash0_transient,6,download,pooch_hash0,transient,0,0,0,0,0,1,1,3.2223320000639433,5.840591999970002,11.380436000024474
pooch_hash0_truncated_once,6,download,pooch_hash0,truncated_once,0,0,0,0,0,1,1,3.4074740000278325,3.5718734999932167,4.814858000031563
pooch_hash1_corrupt_always,6,download,pooch_hash1,corrupt_always,0,0,0,0,0,2,2,1007.4353339999789,1009.8945244999982,1042.2553189999917
pooch_hash1_corrupt_once,6,download,pooch_hash1,corrupt_once,6,0,0,0,0,2,2,1007.6299649999783,1012.8677069999981,1028.0595979999134
pooch_hash1_denied,6,download,pooch_hash1,denied,0,0,0,6,0,2,2,1005.3024189999746,1007.7545349999752,1023.2907229999455
pooch_hash1_persistent,6,download,pooch_hash1,persistent,0,0,0,0,0,2,2,1005.8756829999993,1007.3789434999867,1038.2665459999316
pooch_hash1_success,6,download,pooch_hash1,success,6,0,0,0,0,1,1,3.6423469999817826,4.798182999991241,8.111989999974867
pooch_hash1_transient,6,download,pooch_hash1,transient,6,0,0,0,0,2,2,1007.1577119999802,1008.9659404999907,1015.3314220000311
pooch_hash1_truncated_once,6,download,pooch_hash1,truncated_once,6,0,0,0,0,2,2,1007.6262179999276,1009.6969975000434,1015.0360540000065
pooch_unchecked1_corrupt_always,6,download,pooch_unchecked1,corrupt_always,6,6,6,0,0,1,1,3.609153000070364,3.9562810000290938,109.17458599999463
pooch_unchecked1_corrupt_once,6,download,pooch_unchecked1,corrupt_once,6,6,6,0,0,1,1,3.8044279999667197,7.609399499983738,10.99661900002502
pooch_unchecked1_denied,6,download,pooch_unchecked1,denied,0,0,0,6,0,2,2,1005.7505780000611,1011.3296940000112,1066.4485229999627
pooch_unchecked1_persistent,6,download,pooch_unchecked1,persistent,0,0,0,0,0,2,2,1005.856816000005,1008.8367869999786,1014.2540530000588
pooch_unchecked1_success,6,download,pooch_unchecked1,success,6,0,0,0,0,1,1,3.8532680000002983,4.824613500005626,37.60016700005053
pooch_unchecked1_transient,6,download,pooch_unchecked1,transient,6,0,0,0,0,2,2,1006.5703889999895,1010.4030225000145,1016.179344999955
pooch_unchecked1_truncated_once,6,download,pooch_unchecked1,truncated_once,6,0,0,0,0,2,2,1006.7683949999946,1008.5065565000093,1052.506354000002
requests_new_hash_corrupt_always,6,download,requests_new_hash,corrupt_always,0,0,0,0,0,2,2,14.585839999995187,16.383045499992477,35.99998000004234
requests_new_hash_corrupt_once,6,download,requests_new_hash,corrupt_once,6,0,0,0,0,2,2,14.983935000032034,16.634446499949718,39.71604700006992
requests_new_hash_denied,6,download,requests_new_hash,denied,0,0,0,0,0,1,1,3.1933459999891056,4.639553999936652,9.4134790000453
requests_new_hash_persistent,6,download,requests_new_hash,persistent,0,0,0,0,0,2,2,14.532955999982278,15.025019000006523,21.287394000012227
requests_new_hash_success,6,download,requests_new_hash,success,6,0,0,0,0,1,1,2.4508609999998043,3.494678500032933,8.335277000014685
requests_new_hash_transient,6,download,requests_new_hash,transient,6,0,0,0,0,2,2,14.199303999987478,15.876854999959278,21.897045000059734
requests_new_hash_truncated_once,6,download,requests_new_hash,truncated_once,6,0,0,0,0,2,2,14.255147999961082,16.9316014999481,19.761976000040704
requests_new_length_corrupt_always,6,download,requests_new_length,corrupt_always,6,6,6,0,0,1,1,1.988869000001614,2.8046374999917134,3.966224000009788
requests_new_length_corrupt_once,6,download,requests_new_length,corrupt_once,6,6,6,0,0,1,1,2.888670000061211,3.5668360000329358,5.40746699994088
requests_new_length_denied,6,download,requests_new_length,denied,0,0,0,0,0,1,1,2.358602000015253,2.57509100003972,2.8968130000066594
requests_new_length_persistent,6,download,requests_new_length,persistent,0,0,0,0,0,2,2,14.376590999972905,16.482282500021483,36.59115599998586
requests_new_length_success,6,download,requests_new_length,success,6,0,0,0,0,1,1,2.7196259999868744,3.4187119999558035,17.51796500002456
requests_new_length_transient,6,download,requests_new_length,transient,6,0,0,0,0,2,2,14.60165000003144,17.529247499993517,38.49939600002017
requests_new_length_truncated_once,6,download,requests_new_length,truncated_once,6,0,0,0,0,2,2,13.699445000042942,16.339829500026326,21.099582999909217
requests_old_hash_corrupt_always,6,download,requests_old_hash,corrupt_always,0,0,0,0,0,2,2,14.519217999975353,15.518813500023043,56.83540699999412
requests_old_hash_corrupt_once,6,download,requests_old_hash,corrupt_once,6,0,0,0,0,2,2,14.933643999938795,20.485095499992667,59.6881479999638
requests_old_hash_denied,6,download,requests_old_hash,denied,0,0,0,0,0,1,1,1.8995609999592489,2.874038000015844,42.58404799998061
requests_old_hash_persistent,6,download,requests_old_hash,persistent,0,0,0,0,0,2,2,14.62509299994963,15.87906299999986,22.549250999986725
requests_old_hash_success,6,download,requests_old_hash,success,6,0,0,0,0,1,1,2.1805620000350245,3.169128499962426,9.23763000002964
requests_old_hash_transient,6,download,requests_old_hash,transient,6,0,0,0,0,2,2,14.149624999959087,15.372988000052601,20.12166800000159
requests_old_hash_truncated_once,6,download,requests_old_hash,truncated_once,6,0,0,0,0,2,2,14.229127000021435,16.216356499967333,49.9817229999735
requests_old_length_corrupt_always,6,download,requests_old_length,corrupt_always,6,6,6,0,0,1,1,1.9794609999053137,2.7202304999889293,3.6822130000473408
requests_old_length_corrupt_once,6,download,requests_old_length,corrupt_once,6,6,6,0,0,1,1,2.1215969999843765,3.5408559999723366,38.252665999948476
requests_old_length_denied,6,download,requests_old_length,denied,0,0,0,0,0,1,1,2.180919000011272,3.0408700000066347,31.40498100003697
requests_old_length_persistent,6,download,requests_old_length,persistent,0,0,0,0,0,2,2,15.499548999969193,16.138396499997043,54.20028099990759
requests_old_length_success,6,download,requests_old_length,success,6,0,0,0,0,1,1,2.1900950000031116,2.791766499996129,10.172082000053706
requests_old_length_transient,6,download,requests_old_length,transient,6,0,0,0,0,2,2,13.920745999939754,17.37127549995421,78.58228200001349
requests_old_length_truncated_once,6,download,requests_old_length,truncated_once,6,0,0,0,0,2,2,14.746545999969385,16.651488500002642,21.785461999968447
smart_range_11_31,6,range_recovery,smart,truncated_once,6,0,0,0,6,2,2,1090.3387700000167,1211.9867129999875,1647.1602919999668
smart_range_11_63,6,range_recovery,smart,truncated_once,6,0,0,0,6,2,2,1091.6757559999724,1134.1930234999893,1200.8728399999882
smart_range_11_7,6,range_recovery,smart,truncated_once,6,0,0,0,6,2,2,1087.8178960000469,1130.4289179999785,1224.4196689999853
smart_range_11_healthy,6,range_recovery,smart,success,6,0,0,0,6,1,1,79.46244300001126,107.78306150001526,370.8575009999322
smart_range_23_31,6,range_recovery,smart,truncated_once,6,0,0,0,6,2,2,1084.71050899999,1138.840038000012,1206.9817019999505
smart_range_23_63,6,range_recovery,smart,truncated_once,6,0,0,0,6,2,2,1081.015002000015,1096.6452470000263,1161.314258999937
smart_range_23_7,6,range_recovery,smart,truncated_once,6,0,0,0,6,2,2,1095.8835400000453,1186.8121860000542,1292.6628580000852
smart_range_23_healthy,6,range_recovery,smart,success,6,0,0,0,6,1,1,66.33215699997663,91.97462700001324,639.3542560000469
smart_range_3_31,6,range_recovery,smart,truncated_once,6,0,0,0,6,2,2,1072.2707510000191,1117.6982809999743,1264.519699999937
smart_range_3_63,6,range_recovery,smart,truncated_once,6,0,0,0,6,2,2,1075.8623169999737,1229.5136925000065,1316.032026999892
smart_range_3_7,6,range_recovery,smart,truncated_once,6,0,0,0,6,2,2,1075.955936000014,1127.8707829999917,1237.1877519999543
smart_range_3_healthy,6,range_recovery,smart,success,6,0,0,0,6,1,1,78.32292399996277,163.5443009999733,441.08356399999593
