id,seed,wire,adjacent_baseline,attributed_verdict
fsspec_known_size_17,501,6,mismatch,pass
fsspec_metadata_31,501,5,mismatch,pass
fsspec_metadata_17,501,7,mismatch,pass
fsspec_known_size_8,501,12,mismatch,pass
fsspec_metadata_8,501,13,mismatch,pass
fsspec_known_size_31,501,4,mismatch,pass
fsspec_metadata_31,502,5,mismatch,pass
fsspec_known_size_8,502,12,mismatch,pass
fsspec_metadata_8,502,13,mismatch,pass
fsspec_known_size_17,502,6,mismatch,pass
fsspec_known_size_31,502,4,mismatch,pass
fsspec_metadata_17,502,7,mismatch,pass
fsspec_known_size_8,503,12,mismatch,pass
fsspec_metadata_31,503,5,mismatch,pass
fsspec_metadata_8,503,13,mismatch,pass
fsspec_metadata_17,503,7,mismatch,pass
fsspec_known_size_31,503,4,mismatch,pass
fsspec_known_size_17,503,6,mismatch,pass
fsspec_metadata_31,504,5,mismatch,pass
fsspec_known_size_17,504,6,mismatch,pass
fsspec_known_size_31,504,4,mismatch,pass
fsspec_metadata_17,504,7,mismatch,pass
fsspec_metadata_8,504,13,mismatch,pass
fsspec_known_size_8,504,12,mismatch,pass
fsspec_known_size_8,505,12,mismatch,pass
fsspec_metadata_31,505,5,mismatch,pass
fsspec_metadata_17,505,7,mismatch,pass
fsspec_known_size_31,505,4,mismatch,pass
fsspec_known_size_17,505,6,mismatch,pass
fsspec_metadata_8,505,13,mismatch,pass
fsspec_known_size_8,506,12,mismatch,pass
fsspec_known_size_17,506,6,mismatch,pass
fsspec_known_size_31,506,4,mismatch,pass
fsspec_metadata_31,506,5,mismatch,pass
fsspec_metadata_17,506,7,mismatch,pass
fsspec_metadata_8,506,13,mismatch,pass
