id,seed,mode,baseline_payload_verdict,evidence_payload_verdict
requests_old_length_corrupt_once,501,complete,mismatch,mismatch
requests_old_length_corrupt_once,501,unwitnessed_body,mismatch,unknown
requests_old_length_corrupt_once,501,missing_payload,mismatch,unknown
pooch_unchecked1_corrupt_always,501,complete,mismatch,mismatch
pooch_unchecked1_corrupt_always,501,unwitnessed_body,mismatch,unknown
pooch_unchecked1_corrupt_always,501,missing_payload,mismatch,unknown
requests_old_length_corrupt_always,501,complete,mismatch,mismatch
requests_old_length_corrupt_always,501,unwitnessed_body,mismatch,unknown
requests_old_length_corrupt_always,501,missing_payload,mismatch,unknown
fsspec_known_size_17,501,complete,pass,pass
fsspec_known_size_17,501,unwitnessed_body,pass,unknown
fsspec_known_size_17,501,missing_payload,mismatch,unknown
smart_range_23_7,501,complete,pass,pass
smart_range_23_7,501,unwitnessed_body,pass,unknown
smart_range_23_7,501,missing_payload,mismatch,unknown
fsspec_metadata_31,501,complete,pass,pass
fsspec_metadata_31,501,unwitnessed_body,pass,unknown
fsspec_metadata_31,501,missing_payload,mismatch,unknown
smart_range_11_63,501,complete,pass,pass
smart_range_11_63,501,unwitnessed_body,pass,unknown
smart_range_11_63,501,missing_payload,mismatch,unknown
pooch_hash1_truncated_once,501,complete,pass,pass
pooch_hash1_truncated_once,501,unwitnessed_body,pass,unknown
pooch_hash1_truncated_once,501,missing_payload,mismatch,unknown
pooch_unchecked1_corrupt_once,501,complete,mismatch,mismatch
pooch_unchecked1_corrupt_once,501,unwitnessed_body,mismatch,unknown
pooch_unchecked1_corrupt_once,501,missing_payload,mismatch,unknown
requests_new_length_truncated_once,501,complete,pass,pass
requests_new_length_truncated_once,501,unwitnessed_body,pass,unknown
requests_new_length_truncated_once,501,missing_payload,mismatch,unknown
pooch_unchecked1_success,501,complete,pass,pass
pooch_unchecked1_success,501,unwitnessed_body,pass,unknown
pooch_unchecked1_success,501,missing_payload,mismatch,unknown
requests_old_hash_truncated_once,501,complete,pass,pass
requests_old_hash_truncated_once,501,unwitnessed_body,pass,unknown
requests_old_hash_truncated_once,501,missing_payload,mismatch,unknown
smart_range_23_63,501,complete,pass,pass
smart_range_23_63,501,unwitnessed_body,pass,unknown
smart_range_23_63,501,missing_payload,mismatch,unknown
requests_new_hash_success,501,complete,pass,pass
requests_new_hash_success,501,unwitnessed_body,pass,unknown
requests_new_hash_success,501,missing_payload,mismatch,unknown
requests_old_hash_success,501,complete,pass,pass
requests_old_hash_success,501,unwitnessed_body,pass,unknown
requests_old_hash_success,501,missing_payload,mismatch,unknown
requests_new_length_corrupt_always,501,complete,mismatch,mismatch
requests_new_length_corrupt_always,501,unwitnessed_body,mismatch,unknown
requests_new_length_corrupt_always,501,missing_payload,mismatch,unknown
pooch_unchecked1_truncated_once,501,complete,pass,pass
pooch_unchecked1_truncated_once,501,unwitnessed_body,pass,unknown
pooch_unchecked1_truncated_once,501,missing_payload,mismatch,unknown
fsspec_metadata_17,501,complete,pass,pass
fsspec_metadata_17,501,unwitnessed_body,pass,unknown
fsspec_metadata_17,501,missing_payload,mismatch,unknown
requests_old_hash_corrupt_once,501,complete,pass,pass
requests_old_hash_corrupt_once,501,unwitnessed_body,pass,unknown
requests_old_hash_corrupt_once,501,missing_payload,mismatch,unknown
pooch_unchecked1_transient,501,complete,pass,pass
pooch_unchecked1_transient,501,unwitnessed_body,pass,unknown
pooch_unchecked1_transient,501,missing_payload,mismatch,unknown
fsspec_known_size_8,501,complete,pass,pass
fsspec_known_size_8,501,unwitnessed_body,pass,unknown
fsspec_known_size_8,501,missing_payload,mismatch,unknown
smart_range_11_31,501,complete,pass,pass
smart_range_11_31,501,unwitnessed_body,pass,unknown
smart_range_11_31,501,missing_payload,mismatch,unknown
pooch_hash1_success,501,complete,pass,pass
pooch_hash1_success,501,unwitnessed_body,pass,unknown
pooch_hash1_success,501,missing_payload,mismatch,unknown
smart_range_3_7,501,complete,pass,pass
smart_range_3_7,501,unwitnessed_body,pass,unknown
smart_range_3_7,501,missing_payload,mismatch,unknown
smart_range_11_healthy,501,complete,pass,pass
smart_range_11_healthy,501,unwitnessed_body,pass,unknown
smart_range_11_healthy,501,missing_payload,mismatch,unknown
requests_new_hash_corrupt_once,501,complete,pass,pass
requests_new_hash_corrupt_once,501,unwitnessed_body,pass,unknown
requests_new_hash_corrupt_once,501,missing_payload,mismatch,unknown
requests_old_length_truncated_once,501,complete,pass,pass
requests_old_length_truncated_once,501,unwitnessed_body,pass,unknown
requests_old_length_truncated_once,501,missing_payload,mismatch,unknown
pooch_hash1_corrupt_once,501,complete,pass,pass
pooch_hash1_corrupt_once,501,unwitnessed_body,pass,unknown
pooch_hash1_corrupt_once,501,missing_payload,mismatch,unknown
smart_range_23_31,501,complete,pass,pass
smart_range_23_31,501,unwitnessed_body,pass,unknown
smart_range_23_31,501,missing_payload,mismatch,unknown
smart_range_3_healthy,501,complete,pass,pass
smart_range_3_healthy,501,unwitnessed_body,pass,unknown
smart_range_3_healthy,501,missing_payload,mismatch,unknown
requests_new_hash_transient,501,complete,pass,pass
requests_new_hash_transient,501,unwitnessed_body,pass,unknown
requests_new_hash_transient,501,missing_payload,mismatch,unknown
smart_range_3_31,501,complete,pass,pass
smart_range_3_31,501,unwitnessed_body,pass,unknown
smart_range_3_31,501,missing_payload,mismatch,unknown
pooch_hash1_transient,501,complete,pass,pass
pooch_hash1_transient,501,unwitnessed_body,pass,unknown
pooch_hash1_transient,501,missing_payload,mismatch,unknown
smart_range_3_63,501,complete,pass,pass
smart_range_3_63,501,unwitnessed_body,pass,unknown
smart_range_3_63,501,missing_payload,mismatch,unknown
smart_range_11_7,501,complete,pass,pass
smart_range_11_7,501,unwitnessed_body,pass,unknown
smart_range_11_7,501,missing_payload,mismatch,unknown
smart_range_23_healthy,501,complete,pass,pass
smart_range_23_healthy,501,unwitnessed_body,pass,unknown
smart_range_23_healthy,501,missing_payload,mismatch,unknown
pooch_hash0_success,501,complete,pass,pass
pooch_hash0_success,501,unwitnessed_body,pass,unknown
pooch_hash0_success,501,missing_payload,mismatch,unknown
requests_new_length_transient,501,complete,pass,pass
requests_new_length_transient,501,unwitnessed_body,pass,unknown
requests_new_length_transient,501,missing_payload,mismatch,unknown
requests_new_hash_truncated_once,501,complete,pass,pass
requests_new_hash_truncated_once,501,unwitnessed_body,pass,unknown
requests_new_hash_truncated_once,501,missing_payload,mismatch,unknown
requests_new_length_success,501,complete,pass,pass
requests_new_length_success,501,unwitnessed_body,pass,unknown
requests_new_length_success,501,missing_payload,mismatch,unknown
requests_old_length_transient,501,complete,pass,pass
requests_old_length_transient,501,unwitnessed_body,pass,unknown
requests_old_length_transient,501,missing_payload,mismatch,unknown
fsspec_metadata_8,501,complete,pass,pass
fsspec_metadata_8,501,unwitnessed_body,pass,unknown
fsspec_metadata_8,501,missing_payload,mismatch,unknown
fsspec_known_size_31,501,complete,pass,pass
fsspec_known_size_31,501,unwitnessed_body,pass,unknown
fsspec_known_size_31,501,missing_payload,mismatch,unknown
requests_new_length_corrupt_once,501,complete,mismatch,mismatch
requests_new_length_corrupt_once,501,unwitnessed_body,mismatch,unknown
requests_new_length_corrupt_once,501,missing_payload,mismatch,unknown
requests_old_length_success,501,complete,pass,pass
requests_old_length_success,501,unwitnessed_body,pass,unknown
requests_old_length_success,501,missing_payload,mismatch,unknown
requests_old_hash_transient,501,complete,pass,pass
requests_old_hash_transient,501,unwitnessed_body,pass,unknown
requests_old_hash_transient,501,missing_payload,mismatch,unknown
requests_new_hash_transient,502,complete,pass,pass
requests_new_hash_transient,502,unwitnessed_body,pass,unknown
requests_new_hash_transient,502,missing_payload,mismatch,unknown
smart_range_23_31,502,complete,pass,pass
smart_range_23_31,502,unwitnessed_body,pass,unknown
smart_range_23_31,502,missing_payload,mismatch,unknown
smart_range_23_7,502,complete,pass,pass
smart_range_23_7,502,unwitnessed_body,pass,unknown
smart_range_23_7,502,missing_payload,mismatch,unknown
requests_new_length_corrupt_once,502,complete,mismatch,mismatch
requests_new_length_corrupt_once,502,unwitnessed_body,mismatch,unknown
requests_new_length_corrupt_once,502,missing_payload,mismatch,unknown
fsspec_metadata_31,502,complete,pass,pass
fsspec_metadata_31,502,unwitnessed_body,pass,unknown
fsspec_metadata_31,502,missing_payload,mismatch,unknown
requests_old_hash_truncated_once,502,complete,pass,pass
requests_old_hash_truncated_once,502,unwitnessed_body,pass,unknown
requests_old_hash_truncated_once,502,missing_payload,mismatch,unknown
pooch_unchecked1_corrupt_once,502,complete,mismatch,mismatch
pooch_unchecked1_corrupt_once,502,unwitnessed_body,mismatch,unknown
pooch_unchecked1_corrupt_once,502,missing_payload,mismatch,unknown
requests_old_length_transient,502,complete,pass,pass
requests_old_length_transient,502,unwitnessed_body,pass,unknown
requests_old_length_transient,502,missing_payload,mismatch,unknown
smart_range_3_31,502,complete,pass,pass
smart_range_3_31,502,unwitnessed_body,pass,unknown
smart_range_3_31,502,missing_payload,mismatch,unknown
smart_range_23_63,502,complete,pass,pass
smart_range_23_63,502,unwitnessed_body,pass,unknown
smart_range_23_63,502,missing_payload,mismatch,unknown
requests_new_length_transient,502,complete,pass,pass
requests_new_length_transient,502,unwitnessed_body,pass,unknown
requests_new_length_transient,502,missing_payload,mismatch,unknown
requests_old_length_corrupt_once,502,complete,mismatch,mismatch
requests_old_length_corrupt_once,502,unwitnessed_body,mismatch,unknown
requests_old_length_corrupt_once,502,missing_payload,mismatch,unknown
pooch_hash1_transient,502,complete,pass,pass
pooch_hash1_transient,502,unwitnessed_body,pass,unknown
pooch_hash1_transient,502,missing_payload,mismatch,unknown
fsspec_known_size_8,502,complete,pass,pass
fsspec_known_size_8,502,unwitnessed_body,pass,unknown
fsspec_known_size_8,502,missing_payload,mismatch,unknown
smart_range_11_31,502,complete,pass,pass
smart_range_11_31,502,unwitnessed_body,pass,unknown
smart_range_11_31,502,missing_payload,mismatch,unknown
pooch_hash0_success,502,complete,pass,pass
pooch_hash0_success,502,unwitnessed_body,pass,unknown
pooch_hash0_success,502,missing_payload,mismatch,unknown
requests_old_length_truncated_once,502,complete,pass,pass
requests_old_length_truncated_once,502,unwitnessed_body,pass,unknown
requests_old_length_truncated_once,502,missing_payload,mismatch,unknown
requests_old_hash_success,502,complete,pass,pass
requests_old_hash_success,502,unwitnessed_body,pass,unknown
requests_old_hash_success,502,missing_payload,mismatch,unknown
pooch_hash1_success,502,complete,pass,pass
pooch_hash1_success,502,unwitnessed_body,pass,unknown
pooch_hash1_success,502,missing_payload,mismatch,unknown
requests_old_hash_corrupt_once,502,complete,pass,pass
requests_old_hash_corrupt_once,502,unwitnessed_body,pass,unknown
requests_old_hash_corrupt_once,502,missing_payload,mismatch,unknown
pooch_unchecked1_truncated_once,502,complete,pass,pass
pooch_unchecked1_truncated_once,502,unwitnessed_body,pass,unknown
pooch_unchecked1_truncated_once,502,missing_payload,mismatch,unknown
requests_new_length_success,502,complete,pass,pass
requests_new_length_success,502,unwitnessed_body,pass,unknown
requests_new_length_success,502,missing_payload,mismatch,unknown
fsspec_metadata_8,502,complete,pass,pass
fsspec_metadata_8,502,unwitnessed_body,pass,unknown
fsspec_metadata_8,502,missing_payload,mismatch,unknown
pooch_hash1_truncated_once,502,complete,pass,pass
pooch_hash1_truncated_once,502,unwitnessed_body,pass,unknown
pooch_hash1_truncated_once,502,missing_payload,mismatch,unknown
smart_range_11_7,502,complete,pass,pass
smart_range_11_7,502,unwitnessed_body,pass,unknown
smart_range_11_7,502,missing_payload,mismatch,unknown
smart_range_3_7,502,complete,pass,pass
smart_range_3_7,502,unwitnessed_body,pass,unknown
smart_range_3_7,502,missing_payload,mismatch,unknown
requests_old_hash_transient,502,complete,pass,pass
requests_old_hash_transient,502,unwitnessed_body,pass,unknown
requests_old_hash_transient,502,missing_payload,mismatch,unknown
pooch_unchecked1_success,502,complete,pass,pass
pooch_unchecked1_success,502,unwitnessed_body,pass,unknown
pooch_unchecked1_success,502,missing_payload,mismatch,unknown
requests_new_length_corrupt_always,502,complete,mismatch,mismatch
requests_new_length_corrupt_always,502,unwitnessed_body,mismatch,unknown
requests_new_length_corrupt_always,502,missing_payload,mismatch,unknown
smart_range_23_healthy,502,complete,pass,pass
smart_range_23_healthy,502,unwitnessed_body,pass,unknown
smart_range_23_healthy,502,missing_payload,mismatch,unknown
requests_new_hash_success,502,complete,pass,pass
requests_new_hash_success,502,unwitnessed_body,pass,unknown
requests_new_hash_success,502,missing_payload,mismatch,unknown
smart_range_3_healthy,502,complete,pass,pass
smart_range_3_healthy,502,unwitnessed_body,pass,unknown
smart_range_3_healthy,502,missing_payload,mismatch,unknown
pooch_hash1_corrupt_once,502,complete,pass,pass
pooch_hash1_corrupt_once,502,unwitnessed_body,pass,unknown
pooch_hash1_corrupt_once,502,missing_payload,mismatch,unknown
pooch_unchecked1_corrupt_always,502,complete,mismatch,mismatch
pooch_unchecked1_corrupt_always,502,unwitnessed_body,mismatch,unknown
pooch_unchecked1_corrupt_always,502,missing_payload,mismatch,unknown
pooch_unchecked1_transient,502,complete,pass,pass
pooch_unchecked1_transient,502,unwitnessed_body,pass,unknown
pooch_unchecked1_transient,502,missing_payload,mismatch,unknown
requests_new_length_truncated_once,502,complete,pass,pass
requests_new_length_truncated_once,502,unwitnessed_body,pass,unknown
requests_new_length_truncated_once,502,missing_payload,mismatch,unknown
fsspec_known_size_17,502,complete,pass,pass
fsspec_known_size_17,502,unwitnessed_body,pass,unknown
fsspec_known_size_17,502,missing_payload,mismatch,unknown
smart_range_11_63,502,complete,pass,pass
smart_range_11_63,502,unwitnessed_body,pass,unknown
smart_range_11_63,502,missing_payload,mismatch,unknown
requests_old_length_corrupt_always,502,complete,mismatch,mismatch
requests_old_length_corrupt_always,502,unwitnessed_body,mismatch,unknown
requests_old_length_corrupt_always,502,missing_payload,mismatch,unknown
smart_range_11_healthy,502,complete,pass,pass
smart_range_11_healthy,502,unwitnessed_body,pass,unknown
smart_range_11_healthy,502,missing_payload,mismatch,unknown
requests_new_hash_corrupt_once,502,complete,pass,pass
requests_new_hash_corrupt_once,502,unwitnessed_body,pass,unknown
requests_new_hash_corrupt_once,502,missing_payload,mismatch,unknown
smart_range_3_63,502,complete,pass,pass
smart_range_3_63,502,unwitnessed_body,pass,unknown
smart_range_3_63,502,missing_payload,mismatch,unknown
fsspec_known_size_31,502,complete,pass,pass
fsspec_known_size_31,502,unwitnessed_body,pass,unknown
fsspec_known_size_31,502,missing_payload,mismatch,unknown
requests_old_length_success,502,complete,pass,pass
requests_old_length_success,502,unwitnessed_body,pass,unknown
requests_old_length_success,502,missing_payload,mismatch,unknown
requests_new_hash_truncated_once,502,complete,pass,pass
requests_new_hash_truncated_once,502,unwitnessed_body,pass,unknown
requests_new_hash_truncated_once,502,missing_payload,mismatch,unknown
fsspec_metadata_17,502,complete,pass,pass
fsspec_metadata_17,502,unwitnessed_body,pass,unknown
fsspec_metadata_17,502,missing_payload,mismatch,unknown
requests_new_hash_success,503,complete,pass,pass
requests_new_hash_success,503,unwitnessed_body,pass,unknown
requests_new_hash_success,503,missing_payload,mismatch,unknown
pooch_unchecked1_success,503,complete,pass,pass
pooch_unchecked1_success,503,unwitnessed_body,pass,unknown
pooch_unchecked1_success,503,missing_payload,mismatch,unknown
requests_old_hash_corrupt_once,503,complete,pass,pass
requests_old_hash_corrupt_once,503,unwitnessed_body,pass,unknown
requests_old_hash_corrupt_once,503,missing_payload,mismatch,unknown
requests_new_length_success,503,complete,pass,pass
requests_new_length_success,503,unwitnessed_body,pass,unknown
requests_new_length_success,503,missing_payload,mismatch,unknown
pooch_hash1_corrupt_once,503,complete,pass,pass
pooch_hash1_corrupt_once,503,unwitnessed_body,pass,unknown
pooch_hash1_corrupt_once,503,missing_payload,mismatch,unknown
requests_old_length_transient,503,complete,pass,pass
requests_old_length_transient,503,unwitnessed_body,pass,unknown
requests_old_length_transient,503,missing_payload,mismatch,unknown
fsspec_known_size_8,503,complete,pass,pass
fsspec_known_size_8,503,unwitnessed_body,pass,unknown
fsspec_known_size_8,503,missing_payload,mismatch,unknown
smart_range_3_63,503,complete,pass,pass
smart_range_3_63,503,unwitnessed_body,pass,unknown
smart_range_3_63,503,missing_payload,mismatch,unknown
requests_new_hash_transient,503,complete,pass,pass
requests_new_hash_transient,503,unwitnessed_body,pass,unknown
requests_new_hash_transient,503,missing_payload,mismatch,unknown
requests_old_hash_transient,503,complete,pass,pass
requests_old_hash_transient,503,unwitnessed_body,pass,unknown
requests_old_hash_transient,503,missing_payload,mismatch,unknown
pooch_unchecked1_corrupt_always,503,complete,mismatch,mismatch
pooch_unchecked1_corrupt_always,503,unwitnessed_body,mismatch,unknown
pooch_unchecked1_corrupt_always,503,missing_payload,mismatch,unknown
fsspec_metadata_31,503,complete,pass,pass
fsspec_metadata_31,503,unwitnessed_body,pass,unknown
fsspec_metadata_31,503,missing_payload,mismatch,unknown
pooch_unchecked1_transient,503,complete,pass,pass
pooch_unchecked1_transient,503,unwitnessed_body,pass,unknown
pooch_unchecked1_transient,503,missing_payload,mismatch,unknown
pooch_hash1_truncated_once,503,complete,pass,pass
pooch_hash1_truncated_once,503,unwitnessed_body,pass,unknown
pooch_hash1_truncated_once,503,missing_payload,mismatch,unknown
fsspec_metadata_8,503,complete,pass,pass
fsspec_metadata_8,503,unwitnessed_body,pass,unknown
fsspec_metadata_8,503,missing_payload,mismatch,unknown
pooch_hash0_success,503,complete,pass,pass
pooch_hash0_success,503,unwitnessed_body,pass,unknown
pooch_hash0_success,503,missing_payload,mismatch,unknown
requests_old_hash_truncated_once,503,complete,pass,pass
requests_old_hash_truncated_once,503,unwitnessed_body,pass,unknown
requests_old_hash_truncated_once,503,missing_payload,mismatch,unknown
requests_old_length_truncated_once,503,complete,pass,pass
requests_old_length_truncated_once,503,unwitnessed_body,pass,unknown
requests_old_length_truncated_once,503,missing_payload,mismatch,unknown
smart_range_3_healthy,503,complete,pass,pass
smart_range_3_healthy,503,unwitnessed_body,pass,unknown
smart_range_3_healthy,503,missing_payload,mismatch,unknown
smart_range_11_7,503,complete,pass,pass
smart_range_11_7,503,unwitnessed_body,pass,unknown
smart_range_11_7,503,missing_payload,mismatch,unknown
smart_range_11_31,503,complete,pass,pass
smart_range_11_31,503,unwitnessed_body,pass,unknown
smart_range_11_31,503,missing_payload,mismatch,unknown
requests_new_length_corrupt_always,503,complete,mismatch,mismatch
requests_new_length_corrupt_always,503,unwitnessed_body,mismatch,unknown
requests_new_length_corrupt_always,503,missing_payload,mismatch,unknown
requests_new_length_truncated_once,503,complete,pass,pass
requests_new_length_truncated_once,503,unwitnessed_body,pass,unknown
requests_new_length_truncated_once,503,missing_payload,mismatch,unknown
smart_range_23_healthy,503,complete,pass,pass
smart_range_23_healthy,503,unwitnessed_body,pass,unknown
smart_range_23_healthy,503,missing_payload,mismatch,unknown
pooch_unchecked1_truncated_once,503,complete,pass,pass
pooch_unchecked1_truncated_once,503,unwitnessed_body,pass,unknown
pooch_unchecked1_truncated_once,503,missing_payload,mismatch,unknown
fsspec_metadata_17,503,complete,pass,pass
fsspec_metadata_17,503,unwitnessed_body,pass,unknown
fsspec_metadata_17,503,missing_payload,mismatch,unknown
requests_new_hash_truncated_once,503,complete,pass,pass
requests_new_hash_truncated_once,503,unwitnessed_body,pass,unknown
requests_new_hash_truncated_once,503,missing_payload,mismatch,unknown
requests_new_length_corrupt_once,503,complete,mismatch,mismatch
requests_new_length_corrupt_once,503,unwitnessed_body,mismatch,unknown
requests_new_length_corrupt_once,503,missing_payload,mismatch,unknown
smart_range_23_31,503,complete,pass,pass
smart_range_23_31,503,unwitnessed_body,pass,unknown
smart_range_23_31,503,missing_payload,mismatch,unknown
smart_range_11_63,503,complete,pass,pass
smart_range_11_63,503,unwitnessed_body,pass,unknown
smart_range_11_63,503,missing_payload,mismatch,unknown
requests_old_length_corrupt_once,503,complete,mismatch,mismatch
requests_old_length_corrupt_once,503,unwitnessed_body,mismatch,unknown
requests_old_length_corrupt_once,503,missing_payload,mismatch,unknown
requests_new_length_transient,503,complete,pass,pass
requests_new_length_transient,503,unwitnessed_body,pass,unknown
requests_new_length_transient,503,missing_payload,mismatch,unknown
smart_range_3_7,503,complete,pass,pass
smart_range_3_7,503,unwitnessed_body,pass,unknown
smart_range_3_7,503,missing_payload,mismatch,unknown
requests_old_hash_success,503,complete,pass,pass
requests_old_hash_success,503,unwitnessed_body,pass,unknown
requests_old_hash_success,503,missing_payload,mismatch,unknown
requests_new_hash_corrupt_once,503,complete,pass,pass
requests_new_hash_corrupt_once,503,unwitnessed_body,pass,unknown
requests_new_hash_corrupt_once,503,missing_payload,mismatch,unknown
smart_range_11_healthy,503,complete,pass,pass
smart_range_11_healthy,503,unwitnessed_body,pass,unknown
smart_range_11_healthy,503,missing_payload,mismatch,unknown
smart_range_23_63,503,complete,pass,pass
smart_range_23_63,503,unwitnessed_body,pass,unknown
smart_range_23_63,503,missing_payload,mismatch,unknown
pooch_hash1_success,503,complete,pass,pass
pooch_hash1_success,503,unwitnessed_body,pass,unknown
pooch_hash1_success,503,missing_payload,mismatch,unknown
requests_old_length_corrupt_always,503,complete,mismatch,mismatch
requests_old_length_corrupt_always,503,unwitnessed_body,mismatch,unknown
requests_old_length_corrupt_always,503,missing_payload,mismatch,unknown
smart_range_3_31,503,complete,pass,pass
smart_range_3_31,503,unwitnessed_body,pass,unknown
smart_range_3_31,503,missing_payload,mismatch,unknown
smart_range_23_7,503,complete,pass,pass
smart_range_23_7,503,unwitnessed_body,pass,unknown
smart_range_23_7,503,missing_payload,mismatch,unknown
pooch_hash1_transient,503,complete,pass,pass
pooch_hash1_transient,503,unwitnessed_body,pass,unknown
pooch_hash1_transient,503,missing_payload,mismatch,unknown
fsspec_known_size_31,503,complete,pass,pass
fsspec_known_size_31,503,unwitnessed_body,pass,unknown
fsspec_known_size_31,503,missing_payload,mismatch,unknown
fsspec_known_size_17,503,complete,pass,pass
fsspec_known_size_17,503,unwitnessed_body,pass,unknown
fsspec_known_size_17,503,missing_payload,mismatch,unknown
pooch_unchecked1_corrupt_once,503,complete,mismatch,mismatch
pooch_unchecked1_corrupt_once,503,unwitnessed_body,mismatch,unknown
pooch_unchecked1_corrupt_once,503,missing_payload,mismatch,unknown
requests_old_length_success,503,complete,pass,pass
requests_old_length_success,503,unwitnessed_body,pass,unknown
requests_old_length_success,503,missing_payload,mismatch,unknown
requests_new_length_transient,504,complete,pass,pass
requests_new_length_transient,504,unwitnessed_body,pass,unknown
requests_new_length_transient,504,missing_payload,mismatch,unknown
pooch_unchecked1_corrupt_always,504,complete,mismatch,mismatch
pooch_unchecked1_corrupt_always,504,unwitnessed_body,mismatch,unknown
pooch_unchecked1_corrupt_always,504,missing_payload,mismatch,unknown
requests_new_hash_success,504,complete,pass,pass
requests_new_hash_success,504,unwitnessed_body,pass,unknown
requests_new_hash_success,504,missing_payload,mismatch,unknown
requests_old_length_corrupt_always,504,complete,mismatch,mismatch
requests_old_length_corrupt_always,504,unwitnessed_body,mismatch,unknown
requests_old_length_corrupt_always,504,missing_payload,mismatch,unknown
requests_old_hash_corrupt_once,504,complete,pass,pass
requests_old_hash_corrupt_once,504,unwitnessed_body,pass,unknown
requests_old_hash_corrupt_once,504,missing_payload,mismatch,unknown
smart_range_3_healthy,504,complete,pass,pass
smart_range_3_healthy,504,unwitnessed_body,pass,unknown
smart_range_3_healthy,504,missing_payload,mismatch,unknown
fsspec_metadata_31,504,complete,pass,pass
fsspec_metadata_31,504,unwitnessed_body,pass,unknown
fsspec_metadata_31,504,missing_payload,mismatch,unknown
requests_old_length_transient,504,complete,pass,pass
requests_old_length_transient,504,unwitnessed_body,pass,unknown
requests_old_length_transient,504,missing_payload,mismatch,unknown
requests_old_length_truncated_once,504,complete,pass,pass
requests_old_length_truncated_once,504,unwitnessed_body,pass,unknown
requests_old_length_truncated_once,504,missing_payload,mismatch,unknown
fsspec_known_size_17,504,complete,pass,pass
fsspec_known_size_17,504,unwitnessed_body,pass,unknown
fsspec_known_size_17,504,missing_payload,mismatch,unknown
smart_range_23_31,504,complete,pass,pass
smart_range_23_31,504,unwitnessed_body,pass,unknown
smart_range_23_31,504,missing_payload,mismatch,unknown
requests_new_length_corrupt_once,504,complete,mismatch,mismatch
requests_new_length_corrupt_once,504,unwitnessed_body,mismatch,unknown
requests_new_length_corrupt_once,504,missing_payload,mismatch,unknown
pooch_unchecked1_success,504,complete,pass,pass
pooch_unchecked1_success,504,unwitnessed_body,pass,unknown
pooch_unchecked1_success,504,missing_payload,mismatch,unknown
pooch_hash1_corrupt_once,504,complete,pass,pass
pooch_hash1_corrupt_once,504,unwitnessed_body,pass,unknown
pooch_hash1_corrupt_once,504,missing_payload,mismatch,unknown
smart_range_11_7,504,complete,pass,pass
smart_range_11_7,504,unwitnessed_body,pass,unknown
smart_range_11_7,504,missing_payload,mismatch,unknown
pooch_hash1_transient,504,complete,pass,pass
pooch_hash1_transient,504,unwitnessed_body,pass,unknown
pooch_hash1_transient,504,missing_payload,mismatch,unknown
fsspec_known_size_31,504,complete,pass,pass
fsspec_known_size_31,504,unwitnessed_body,pass,unknown
fsspec_known_size_31,504,missing_payload,mismatch,unknown
fsspec_metadata_17,504,complete,pass,pass
fsspec_metadata_17,504,unwitnessed_body,pass,unknown
fsspec_metadata_17,504,missing_payload,mismatch,unknown
requests_old_hash_success,504,complete,pass,pass
requests_old_hash_success,504,unwitnessed_body,pass,unknown
requests_old_hash_success,504,missing_payload,mismatch,unknown
smart_range_3_7,504,complete,pass,pass
smart_range_3_7,504,unwitnessed_body,pass,unknown
smart_range_3_7,504,missing_payload,mismatch,unknown
pooch_hash0_success,504,complete,pass,pass
pooch_hash0_success,504,unwitnessed_body,pass,unknown
pooch_hash0_success,504,missing_payload,mismatch,unknown
pooch_unchecked1_truncated_once,504,complete,pass,pass
pooch_unchecked1_truncated_once,504,unwitnessed_body,pass,unknown
pooch_unchecked1_truncated_once,504,missing_payload,mismatch,unknown
requests_new_length_success,504,complete,pass,pass
requests_new_length_success,504,unwitnessed_body,pass,unknown
requests_new_length_success,504,missing_payload,mismatch,unknown
fsspec_metadata_8,504,complete,pass,pass
fsspec_metadata_8,504,unwitnessed_body,pass,unknown
fsspec_metadata_8,504,missing_payload,mismatch,unknown
smart_range_11_63,504,complete,pass,pass
smart_range_11_63,504,unwitnessed_body,pass,unknown
smart_range_11_63,504,missing_payload,mismatch,unknown
smart_range_23_7,504,complete,pass,pass
smart_range_23_7,504,unwitnessed_body,pass,unknown
smart_range_23_7,504,missing_payload,mismatch,unknown
pooch_hash1_success,504,complete,pass,pass
pooch_hash1_success,504,unwitnessed_body,pass,unknown
pooch_hash1_success,504,missing_payload,mismatch,unknown
smart_range_23_healthy,504,complete,pass,pass
smart_range_23_healthy,504,unwitnessed_body,pass,unknown
smart_range_23_healthy,504,missing_payload,mismatch,unknown
fsspec_known_size_8,504,complete,pass,pass
fsspec_known_size_8,504,unwitnessed_body,pass,unknown
fsspec_known_size_8,504,missing_payload,mismatch,unknown
smart_range_11_healthy,504,complete,pass,pass
smart_range_11_healthy,504,unwitnessed_body,pass,unknown
smart_range_11_healthy,504,missing_payload,mismatch,unknown
smart_range_11_31,504,complete,pass,pass
smart_range_11_31,504,unwitnessed_body,pass,unknown
smart_range_11_31,504,missing_payload,mismatch,unknown
requests_old_length_corrupt_once,504,complete,mismatch,mismatch
requests_old_length_corrupt_once,504,unwitnessed_body,mismatch,unknown
requests_old_length_corrupt_once,504,missing_payload,mismatch,unknown
pooch_unchecked1_transient,504,complete,pass,pass
pooch_unchecked1_transient,504,unwitnessed_body,pass,unknown
pooch_unchecked1_transient,504,missing_payload,mismatch,unknown
requests_new_hash_transient,504,complete,pass,pass
requests_new_hash_transient,504,unwitnessed_body,pass,unknown
requests_new_hash_transient,504,missing_payload,mismatch,unknown
requests_old_length_success,504,complete,pass,pass
requests_old_length_success,504,unwitnessed_body,pass,unknown
requests_old_length_success,504,missing_payload,mismatch,unknown
pooch_unchecked1_corrupt_once,504,complete,mismatch,mismatch
pooch_unchecked1_corrupt_once,504,unwitnessed_body,mismatch,unknown
pooch_unchecked1_corrupt_once,504,missing_payload,mismatch,unknown
smart_range_3_63,504,complete,pass,pass
smart_range_3_63,504,unwitnessed_body,pass,unknown
smart_range_3_63,504,missing_payload,mismatch,unknown
requests_new_length_corrupt_always,504,complete,mismatch,mismatch
requests_new_length_corrupt_always,504,unwitnessed_body,mismatch,unknown
requests_new_length_corrupt_always,504,missing_payload,mismatch,unknown
requests_old_hash_transient,504,complete,pass,pass
requests_old_hash_transient,504,unwitnessed_body,pass,unknown
requests_old_hash_transient,504,missing_payload,mismatch,unknown
smart_range_3_31,504,complete,pass,pass
smart_range_3_31,504,unwitnessed_body,pass,unknown
smart_range_3_31,504,missing_payload,mismatch,unknown
requests_old_hash_truncated_once,504,complete,pass,pass
requests_old_hash_truncated_once,504,unwitnessed_body,pass,unknown
requests_old_hash_truncated_once,504,missing_payload,mismatch,unknown
requests_new_length_truncated_once,504,complete,pass,pass
requests_new_length_truncated_once,504,unwitnessed_body,pass,unknown
requests_new_length_truncated_once,504,missing_payload,mismatch,unknown
requests_new_hash_corrupt_once,504,complete,pass,pass
requests_new_hash_corrupt_once,504,unwitnessed_body,pass,unknown
requests_new_hash_corrupt_once,504,missing_payload,mismatch,unknown
pooch_hash1_truncated_once,504,complete,pass,pass
pooch_hash1_truncated_once,504,unwitnessed_body,pass,unknown
pooch_hash1_truncated_once,504,missing_payload,mismatch,unknown
requests_new_hash_truncated_once,504,complete,pass,pass
requests_new_hash_truncated_once,504,unwitnessed_body,pass,unknown
requests_new_hash_truncated_once,504,missing_payload,mismatch,unknown
smart_range_23_63,504,complete,pass,pass
smart_range_23_63,504,unwitnessed_body,pass,unknown
smart_range_23_63,504,missing_payload,mismatch,unknown
smart_range_3_63,505,complete,pass,pass
smart_range_3_63,505,unwitnessed_body,pass,unknown
smart_range_3_63,505,missing_payload,mismatch,unknown
requests_new_hash_corrupt_once,505,complete,pass,pass
requests_new_hash_corrupt_once,505,unwitnessed_body,pass,unknown
requests_new_hash_corrupt_once,505,missing_payload,mismatch,unknown
pooch_hash1_transient,505,complete,pass,pass
pooch_hash1_transient,505,unwitnessed_body,pass,unknown
pooch_hash1_transient,505,missing_payload,mismatch,unknown
pooch_unchecked1_success,505,complete,pass,pass
pooch_unchecked1_success,505,unwitnessed_body,pass,unknown
pooch_unchecked1_success,505,missing_payload,mismatch,unknown
fsspec_known_size_8,505,complete,pass,pass
fsspec_known_size_8,505,unwitnessed_body,pass,unknown
fsspec_known_size_8,505,missing_payload,mismatch,unknown
smart_range_11_31,505,complete,pass,pass
smart_range_11_31,505,unwitnessed_body,pass,unknown
smart_range_11_31,505,missing_payload,mismatch,unknown
requests_new_length_success,505,complete,pass,pass
requests_new_length_success,505,unwitnessed_body,pass,unknown
requests_new_length_success,505,missing_payload,mismatch,unknown
pooch_unchecked1_corrupt_always,505,complete,mismatch,mismatch
pooch_unchecked1_corrupt_always,505,unwitnessed_body,mismatch,unknown
pooch_unchecked1_corrupt_always,505,missing_payload,mismatch,unknown
pooch_hash0_success,505,complete,pass,pass
pooch_hash0_success,505,unwitnessed_body,pass,unknown
pooch_hash0_success,505,missing_payload,mismatch,unknown
fsspec_metadata_31,505,complete,pass,pass
fsspec_metadata_31,505,unwitnessed_body,pass,unknown
fsspec_metadata_31,505,missing_payload,mismatch,unknown
requests_new_hash_transient,505,complete,pass,pass
requests_new_hash_transient,505,unwitnessed_body,pass,unknown
requests_new_hash_transient,505,missing_payload,mismatch,unknown
fsspec_metadata_17,505,complete,pass,pass
fsspec_metadata_17,505,unwitnessed_body,pass,unknown
fsspec_metadata_17,505,missing_payload,mismatch,unknown
smart_range_23_healthy,505,complete,pass,pass
smart_range_23_healthy,505,unwitnessed_body,pass,unknown
smart_range_23_healthy,505,missing_payload,mismatch,unknown
fsspec_known_size_31,505,complete,pass,pass
fsspec_known_size_31,505,unwitnessed_body,pass,unknown
fsspec_known_size_31,505,missing_payload,mismatch,unknown
pooch_hash1_truncated_once,505,complete,pass,pass
pooch_hash1_truncated_once,505,unwitnessed_body,pass,unknown
pooch_hash1_truncated_once,505,missing_payload,mismatch,unknown
requests_new_length_corrupt_once,505,complete,mismatch,mismatch
requests_new_length_corrupt_once,505,unwitnessed_body,mismatch,unknown
requests_new_length_corrupt_once,505,missing_payload,mismatch,unknown
smart_range_3_healthy,505,complete,pass,pass
smart_range_3_healthy,505,unwitnessed_body,pass,unknown
smart_range_3_healthy,505,missing_payload,mismatch,unknown
requests_new_hash_success,505,complete,pass,pass
requests_new_hash_success,505,unwitnessed_body,pass,unknown
requests_new_hash_success,505,missing_payload,mismatch,unknown
smart_range_23_7,505,complete,pass,pass
smart_range_23_7,505,unwitnessed_body,pass,unknown
smart_range_23_7,505,missing_payload,mismatch,unknown
requests_old_hash_transient,505,complete,pass,pass
requests_old_hash_transient,505,unwitnessed_body,pass,unknown
requests_old_hash_transient,505,missing_payload,mismatch,unknown
pooch_hash1_corrupt_once,505,complete,pass,pass
pooch_hash1_corrupt_once,505,unwitnessed_body,pass,unknown
pooch_hash1_corrupt_once,505,missing_payload,mismatch,unknown
smart_range_11_7,505,complete,pass,pass
smart_range_11_7,505,unwitnessed_body,pass,unknown
smart_range_11_7,505,missing_payload,mismatch,unknown
smart_range_3_7,505,complete,pass,pass
smart_range_3_7,505,unwitnessed_body,pass,unknown
smart_range_3_7,505,missing_payload,mismatch,unknown
requests_old_length_corrupt_always,505,complete,mismatch,mismatch
requests_old_length_corrupt_always,505,unwitnessed_body,mismatch,unknown
requests_old_length_corrupt_always,505,missing_payload,mismatch,unknown
requests_old_hash_corrupt_once,505,complete,pass,pass
requests_old_hash_corrupt_once,505,unwitnessed_body,pass,unknown
requests_old_hash_corrupt_once,505,missing_payload,mismatch,unknown
smart_range_23_63,505,complete,pass,pass
smart_range_23_63,505,unwitnessed_body,pass,unknown
smart_range_23_63,505,missing_payload,mismatch,unknown
pooch_hash1_success,505,complete,pass,pass
pooch_hash1_success,505,unwitnessed_body,pass,unknown
pooch_hash1_success,505,missing_payload,mismatch,unknown
pooch_unchecked1_transient,505,complete,pass,pass
pooch_unchecked1_transient,505,unwitnessed_body,pass,unknown
pooch_unchecked1_transient,505,missing_payload,mismatch,unknown
requests_new_length_transient,505,complete,pass,pass
requests_new_length_transient,505,unwitnessed_body,pass,unknown
requests_new_length_transient,505,missing_payload,mismatch,unknown
fsspec_known_size_17,505,complete,pass,pass
fsspec_known_size_17,505,unwitnessed_body,pass,unknown
fsspec_known_size_17,505,missing_payload,mismatch,unknown
fsspec_metadata_8,505,complete,pass,pass
fsspec_metadata_8,505,unwitnessed_body,pass,unknown
fsspec_metadata_8,505,missing_payload,mismatch,unknown
requests_new_hash_truncated_once,505,complete,pass,pass
requests_new_hash_truncated_once,505,unwitnessed_body,pass,unknown
requests_new_hash_truncated_once,505,missing_payload,mismatch,unknown
smart_range_11_63,505,complete,pass,pass
smart_range_11_63,505,unwitnessed_body,pass,unknown
smart_range_11_63,505,missing_payload,mismatch,unknown
smart_range_11_healthy,505,complete,pass,pass
smart_range_11_healthy,505,unwitnessed_body,pass,unknown
smart_range_11_healthy,505,missing_payload,mismatch,unknown
requests_old_length_truncated_once,505,complete,pass,pass
requests_old_length_truncated_once,505,unwitnessed_body,pass,unknown
requests_old_length_truncated_once,505,missing_payload,mismatch,unknown
requests_old_hash_truncated_once,505,complete,pass,pass
requests_old_hash_truncated_once,505,unwitnessed_body,pass,unknown
requests_old_hash_truncated_once,505,missing_payload,mismatch,unknown
requests_old_length_corrupt_once,505,complete,mismatch,mismatch
requests_old_length_corrupt_once,505,unwitnessed_body,mismatch,unknown
requests_old_length_corrupt_once,505,missing_payload,mismatch,unknown
requests_old_length_transient,505,complete,pass,pass
requests_old_length_transient,505,unwitnessed_body,pass,unknown
requests_old_length_transient,505,missing_payload,mismatch,unknown
smart_range_23_31,505,complete,pass,pass
smart_range_23_31,505,unwitnessed_body,pass,unknown
smart_range_23_31,505,missing_payload,mismatch,unknown
smart_range_3_31,505,complete,pass,pass
smart_range_3_31,505,unwitnessed_body,pass,unknown
smart_range_3_31,505,missing_payload,mismatch,unknown
requests_new_length_corrupt_always,505,complete,mismatch,mismatch
requests_new_length_corrupt_always,505,unwitnessed_body,mismatch,unknown
requests_new_length_corrupt_always,505,missing_payload,mismatch,unknown
pooch_unchecked1_truncated_once,505,complete,pass,pass
pooch_unchecked1_truncated_once,505,unwitnessed_body,pass,unknown
pooch_unchecked1_truncated_once,505,missing_payload,mismatch,unknown
requests_old_length_success,505,complete,pass,pass
requests_old_length_success,505,unwitnessed_body,pass,unknown
requests_old_length_success,505,missing_payload,mismatch,unknown
requests_old_hash_success,505,complete,pass,pass
requests_old_hash_success,505,unwitnessed_body,pass,unknown
requests_old_hash_success,505,missing_payload,mismatch,unknown
requests_new_length_truncated_once,505,complete,pass,pass
requests_new_length_truncated_once,505,unwitnessed_body,pass,unknown
requests_new_length_truncated_once,505,missing_payload,mismatch,unknown
pooch_unchecked1_corrupt_once,505,complete,mismatch,mismatch
pooch_unchecked1_corrupt_once,505,unwitnessed_body,mismatch,unknown
pooch_unchecked1_corrupt_once,505,missing_payload,mismatch,unknown
fsspec_known_size_8,506,complete,pass,pass
fsspec_known_size_8,506,unwitnessed_body,pass,unknown
fsspec_known_size_8,506,missing_payload,mismatch,unknown
pooch_hash0_success,506,complete,pass,pass
pooch_hash0_success,506,unwitnessed_body,pass,unknown
pooch_hash0_success,506,missing_payload,mismatch,unknown
fsspec_known_size_17,506,complete,pass,pass
fsspec_known_size_17,506,unwitnessed_body,pass,unknown
fsspec_known_size_17,506,missing_payload,mismatch,unknown
pooch_unchecked1_corrupt_once,506,complete,mismatch,mismatch
pooch_unchecked1_corrupt_once,506,unwitnessed_body,mismatch,unknown
pooch_unchecked1_corrupt_once,506,missing_payload,mismatch,unknown
requests_old_hash_corrupt_once,506,complete,pass,pass
requests_old_hash_corrupt_once,506,unwitnessed_body,pass,unknown
requests_old_hash_corrupt_once,506,missing_payload,mismatch,unknown
requests_old_length_truncated_once,506,complete,pass,pass
requests_old_length_truncated_once,506,unwitnessed_body,pass,unknown
requests_old_length_truncated_once,506,missing_payload,mismatch,unknown
requests_old_length_corrupt_once,506,complete,mismatch,mismatch
requests_old_length_corrupt_once,506,unwitnessed_body,mismatch,unknown
requests_old_length_corrupt_once,506,missing_payload,mismatch,unknown
smart_range_23_7,506,complete,pass,pass
smart_range_23_7,506,unwitnessed_body,pass,unknown
smart_range_23_7,506,missing_payload,mismatch,unknown
smart_range_23_63,506,complete,pass,pass
smart_range_23_63,506,unwitnessed_body,pass,unknown
smart_range_23_63,506,missing_payload,mismatch,unknown
pooch_unchecked1_truncated_once,506,complete,pass,pass
pooch_unchecked1_truncated_once,506,unwitnessed_body,pass,unknown
pooch_unchecked1_truncated_once,506,missing_payload,mismatch,unknown
requests_new_hash_transient,506,complete,pass,pass
requests_new_hash_transient,506,unwitnessed_body,pass,unknown
requests_new_hash_transient,506,missing_payload,mismatch,unknown
fsspec_known_size_31,506,complete,pass,pass
fsspec_known_size_31,506,unwitnessed_body,pass,unknown
fsspec_known_size_31,506,missing_payload,mismatch,unknown
requests_old_length_success,506,complete,pass,pass
requests_old_length_success,506,unwitnessed_body,pass,unknown
requests_old_length_success,506,missing_payload,mismatch,unknown
requests_old_hash_transient,506,complete,pass,pass
requests_old_hash_transient,506,unwitnessed_body,pass,unknown
requests_old_hash_transient,506,missing_payload,mismatch,unknown
smart_range_3_healthy,506,complete,pass,pass
smart_range_3_healthy,506,unwitnessed_body,pass,unknown
smart_range_3_healthy,506,missing_payload,mismatch,unknown
pooch_unchecked1_success,506,complete,pass,pass
pooch_unchecked1_success,506,unwitnessed_body,pass,unknown
pooch_unchecked1_success,506,missing_payload,mismatch,unknown
pooch_unchecked1_corrupt_always,506,complete,mismatch,mismatch
pooch_unchecked1_corrupt_always,506,unwitnessed_body,mismatch,unknown
pooch_unchecked1_corrupt_always,506,missing_payload,mismatch,unknown
requests_old_hash_success,506,complete,pass,pass
requests_old_hash_success,506,unwitnessed_body,pass,unknown
requests_old_hash_success,506,missing_payload,mismatch,unknown
smart_range_3_63,506,complete,pass,pass
smart_range_3_63,506,unwitnessed_body,pass,unknown
smart_range_3_63,506,missing_payload,mismatch,unknown
requests_new_length_truncated_once,506,complete,pass,pass
requests_new_length_truncated_once,506,unwitnessed_body,pass,unknown
requests_new_length_truncated_once,506,missing_payload,mismatch,unknown
requests_new_length_success,506,complete,pass,pass
requests_new_length_success,506,unwitnessed_body,pass,unknown
requests_new_length_success,506,missing_payload,mismatch,unknown
smart_range_11_63,506,complete,pass,pass
smart_range_11_63,506,unwitnessed_body,pass,unknown
smart_range_11_63,506,missing_payload,mismatch,unknown
smart_range_11_31,506,complete,pass,pass
smart_range_11_31,506,unwitnessed_body,pass,unknown
smart_range_11_31,506,missing_payload,mismatch,unknown
smart_range_23_31,506,complete,pass,pass
smart_range_23_31,506,unwitnessed_body,pass,unknown
smart_range_23_31,506,missing_payload,mismatch,unknown
requests_new_hash_corrupt_once,506,complete,pass,pass
requests_new_hash_corrupt_once,506,unwitnessed_body,pass,unknown
requests_new_hash_corrupt_once,506,missing_payload,mismatch,unknown
requests_new_length_transient,506,complete,pass,pass
requests_new_length_transient,506,unwitnessed_body,pass,unknown
requests_new_length_transient,506,missing_payload,mismatch,unknown
pooch_hash1_success,506,complete,pass,pass
pooch_hash1_success,506,unwitnessed_body,pass,unknown
pooch_hash1_success,506,missing_payload,mismatch,unknown
requests_new_hash_truncated_once,506,complete,pass,pass
requests_new_hash_truncated_once,506,unwitnessed_body,pass,unknown
requests_new_hash_truncated_once,506,missing_payload,mismatch,unknown
pooch_hash1_corrupt_once,506,complete,pass,pass
pooch_hash1_corrupt_once,506,unwitnessed_body,pass,unknown
pooch_hash1_corrupt_once,506,missing_payload,mismatch,unknown
requests_old_hash_truncated_once,506,complete,pass,pass
requests_old_hash_truncated_once,506,unwitnessed_body,pass,unknown
requests_old_hash_truncated_once,506,missing_payload,mismatch,unknown
pooch_hash1_transient,506,complete,pass,pass
pooch_hash1_transient,506,unwitnessed_body,pass,unknown
pooch_hash1_transient,506,missing_payload,mismatch,unknown
requests_old_length_transient,506,complete,pass,pass
requests_old_length_transient,506,unwitnessed_body,pass,unknown
requests_old_length_transient,506,missing_payload,mismatch,unknown
requests_old_length_corrupt_always,506,complete,mismatch,mismatch
requests_old_length_corrupt_always,506,unwitnessed_body,mismatch,unknown
requests_old_length_corrupt_always,506,missing_payload,mismatch,unknown
requests_new_hash_success,506,complete,pass,pass
requests_new_hash_success,506,unwitnessed_body,pass,unknown
requests_new_hash_success,506,missing_payload,mismatch,unknown
smart_range_23_healthy,506,complete,pass,pass
smart_range_23_healthy,506,unwitnessed_body,pass,unknown
smart_range_23_healthy,506,missing_payload,mismatch,unknown
pooch_hash1_truncated_once,506,complete,pass,pass
pooch_hash1_truncated_once,506,unwitnessed_body,pass,unknown
pooch_hash1_truncated_once,506,missing_payload,mismatch,unknown
fsspec_metadata_31,506,complete,pass,pass
fsspec_metadata_31,506,unwitnessed_body,pass,unknown
fsspec_metadata_31,506,missing_payload,mismatch,unknown
requests_new_length_corrupt_once,506,complete,mismatch,mismatch
requests_new_length_corrupt_once,506,unwitnessed_body,mismatch,unknown
requests_new_length_corrupt_once,506,missing_payload,mismatch,unknown
fsspec_metadata_17,506,complete,pass,pass
fsspec_metadata_17,506,unwitnessed_body,pass,unknown
fsspec_metadata_17,506,missing_payload,mismatch,unknown
pooch_unchecked1_transient,506,complete,pass,pass
pooch_unchecked1_transient,506,unwitnessed_body,pass,unknown
pooch_unchecked1_transient,506,missing_payload,mismatch,unknown
smart_range_3_31,506,complete,pass,pass
smart_range_3_31,506,unwitnessed_body,pass,unknown
smart_range_3_31,506,missing_payload,mismatch,unknown
smart_range_11_healthy,506,complete,pass,pass
smart_range_11_healthy,506,unwitnessed_body,pass,unknown
smart_range_11_healthy,506,missing_payload,mismatch,unknown
smart_range_11_7,506,complete,pass,pass
smart_range_11_7,506,unwitnessed_body,pass,unknown
smart_range_11_7,506,missing_payload,mismatch,unknown
smart_range_3_7,506,complete,pass,pass
smart_range_3_7,506,unwitnessed_body,pass,unknown
smart_range_3_7,506,missing_payload,mismatch,unknown
requests_new_length_corrupt_always,506,complete,mismatch,mismatch
requests_new_length_corrupt_always,506,unwitnessed_body,mismatch,unknown
requests_new_length_corrupt_always,506,missing_payload,mismatch,unknown
fsspec_metadata_8,506,complete,pass,pass
fsspec_metadata_8,506,unwitnessed_body,pass,unknown
fsspec_metadata_8,506,missing_payload,mismatch,unknown
