id,stack,scenario,mode,n,wire_min,wire_max,success,audit_pass,audit_mismatch,audit_unknown,classification_pass,classification_mismatch,classification_unknown,legacy_pass,legacy_mismatch,legacy_unknown,median_ms,min_ms,max_ms
boto_app_cap2_native,boto,persistent,body,12,3,3,0,0,12,0,12,0,0,0,12,0,77.722924,9.061409,115.063084
boto_false_default,boto,persistent,body,12,5,5,0,12,0,0,12,0,0,12,0,0,8023.422638,3289.029638,10715.203981
boto_false_denied,boto,denied,body,12,1,1,0,12,0,0,12,0,0,12,0,0,3.887223,3.513624,4.418611
boto_false_explicit_standard,boto,persistent,body,12,3,3,0,12,0,0,12,0,0,12,0,0,1415.441873,70.944236,2128.151818
boto_false_max2,boto,persistent,body,12,3,3,0,12,0,0,12,0,0,12,0,0,1415.102746,72.889197,2130.853562
boto_false_success,boto,success,body,12,1,1,12,12,0,0,12,0,0,12,0,0,2.53541,2.313353,2.790723
boto_false_total2,boto,persistent,body,12,2,2,0,12,0,0,12,0,0,12,0,0,420.186972,36.729035,970.769401
boto_false_transient,boto,transient,body,12,2,2,12,12,0,0,12,0,0,12,0,0,419.875907,36.427439,970.684592
boto_trickle_body,boto,trickle,body,12,1,1,12,0,12,0,12,0,0,0,12,0,304.260092,303.844625,304.963489
boto_trickle_headers_only,boto,trickle,headers_only,12,1,1,12,12,0,0,12,0,0,12,0,0,2.479172,2.250067,2.992848
boto_true_default,boto,persistent,body,12,3,3,0,12,0,0,12,0,0,12,0,0,77.801954,11.173818,112.998627
boto_true_denied,boto,denied,body,12,1,1,0,12,0,0,12,0,0,12,0,0,3.994839,3.495147,4.617861
boto_true_explicit_standard,boto,persistent,body,12,3,3,0,12,0,0,12,0,0,12,0,0,77.571145,9.525651,113.210878
boto_true_max2,boto,persistent,body,12,3,3,0,12,0,0,12,0,0,12,0,0,77.590762,10.151896,113.187981
boto_true_success,boto,success,body,12,1,1,12,12,0,0,12,0,0,12,0,0,2.732185,2.403878,10.107278
boto_true_total2,boto,persistent,body,12,2,2,0,12,0,0,12,0,0,12,0,0,26.439195,6.424849,54.610491
boto_true_transient,boto,transient,body,12,2,2,12,12,0,0,12,0,0,12,0,0,25.719001,7.131987,53.969723
hf_model_info_control,huggingface,metadata,model_info,12,1,1,12,12,0,0,12,0,0,12,0,0,1.299582,0.994732,2.334535
hf_model_info_transient,huggingface,transient,model_info,12,1,1,0,0,0,12,0,0,0,0,0,12,1.538022,1.179561,2.818415
hf_native_denied,huggingface,denied,native,12,1,1,0,12,0,0,12,0,0,12,0,0,1.159876,1.011838,2.420333
hf_native_persistent,huggingface,persistent,native,12,3,3,0,0,12,0,12,0,0,0,12,0,64.638968,63.676851,76.367406
hf_native_success,huggingface,success,native,12,1,1,12,12,0,0,12,0,0,12,0,0,1.142062,0.991096,1.77567
hf_native_transient,huggingface,transient,native,12,2,2,12,12,0,0,12,0,0,12,0,0,22.688942,22.287676,23.828001
hf_native_trickle,huggingface,trickle,native,12,1,1,12,0,12,0,12,0,0,0,12,0,303.165519,302.691611,339.052393
hf_normalized_denied,huggingface,denied,normalized,12,1,1,0,12,0,0,12,0,0,12,0,0,1.180457,0.836803,2.468617
hf_normalized_persistent,huggingface,persistent,normalized,12,2,2,0,12,0,0,12,0,0,12,0,0,23.093125,22.497472,24.603081
hf_normalized_success,huggingface,success,normalized,12,1,1,12,12,0,0,12,0,0,12,0,0,1.222751,0.998487,1.812776
hf_normalized_transient,huggingface,transient,normalized,12,2,2,12,12,0,0,12,0,0,12,0,0,22.701876,22.338343,28.041783
hf_normalized_trickle,huggingface,trickle,normalized,12,1,1,12,0,12,0,12,0,0,0,12,0,302.978286,302.695698,304.002458
req_admission_denied,requests,denied,admission,12,1,1,0,12,0,0,12,0,0,12,0,0,1.158183,0.983635,3.312281
req_admission_persistent,requests,persistent,admission,12,2,2,0,12,0,0,12,0,0,12,0,0,22.55197,22.19714,23.827406
req_admission_success,requests,success,admission,12,1,1,12,12,0,0,12,0,0,12,0,0,1.117668,0.875292,1.763232
req_admission_transient,requests,transient,admission,12,2,2,12,12,0,0,12,0,0,12,0,0,22.537056,21.996046,25.213087
req_admission_trickle,requests,trickle,admission,12,1,1,12,0,12,0,12,0,0,0,12,0,303.21175,302.782197,304.730847
req_admission_wait,requests,persistent,admission,12,1,1,0,12,0,0,12,0,0,12,0,0,1.151954,1.060832,1.632104
req_body_aware_denied,requests,denied,outer_body_aware,12,1,1,0,12,0,0,12,0,0,12,0,0,1.05925,0.899478,1.733787
req_body_aware_persistent,requests,persistent,outer_body_aware,12,2,2,0,12,0,0,12,0,0,12,0,0,22.723321,22.155357,23.268346
req_body_aware_success,requests,success,outer_body_aware,12,1,1,12,12,0,0,12,0,0,12,0,0,1.170547,0.968643,1.936754
req_body_aware_transient,requests,transient,outer_body_aware,12,2,2,12,12,0,0,12,0,0,12,0,0,22.471957,22.144069,24.246785
req_future_timeout_trickle,requests,trickle,future_timeout,12,1,1,0,0,12,0,12,0,0,0,12,0,303.215152,302.796885,304.873724
req_native_denied,requests,denied,native,12,1,1,0,12,0,0,12,0,0,12,0,0,0.971987,0.853599,2.147417
req_native_persistent,requests,persistent,native,12,3,3,0,0,12,0,12,0,0,0,12,0,42.982613,42.567043,45.370903
req_native_slow_headers,requests,slow_headers,native,12,1,1,0,12,0,0,12,0,0,12,0,0,80.844839,80.725504,81.002634
req_native_success,requests,success,native,12,1,1,12,12,0,0,12,0,0,12,0,0,1.109104,0.880048,3.327668
req_native_transient,requests,transient,native,12,2,2,12,12,0,0,12,0,0,12,0,0,1.618404,1.429779,2.184888
req_native_trickle,requests,trickle,native,12,1,1,12,0,12,0,12,0,0,0,12,0,303.271736,302.807013,306.035038
req_new_truncated_native,requests,truncated,native,12,1,1,0,12,0,0,12,0,0,12,0,0,1.112274,0.984587,3.693456
req_new_truncated_outer_body_aware,requests,truncated,outer_body_aware,12,2,2,12,12,0,0,12,0,0,12,0,0,22.732227,22.1377,23.744146
req_new_truncated_outer_broad,requests,truncated,outer_broad,12,2,2,12,12,0,0,12,0,0,12,0,0,22.367121,22.121154,23.341193
req_new_truncated_outer_selective,requests,truncated,outer_selective,12,1,1,0,0,12,0,12,0,0,0,12,0,1.137562,0.914115,3.930825
req_normalized_denied,requests,denied,normalized,12,1,1,0,12,0,0,12,0,0,12,0,0,1.211078,0.863304,1.663121
req_normalized_persistent,requests,persistent,normalized,12,2,2,0,12,0,0,12,0,0,12,0,0,1.826017,1.65617,3.322035
req_normalized_success,requests,success,normalized,12,1,1,12,12,0,0,12,0,0,12,0,0,1.057055,0.856523,1.402067
req_normalized_transient,requests,transient,normalized,12,2,2,12,12,0,0,12,0,0,12,0,0,1.726456,1.56369,2.078663
req_old_truncated_native,requests_old,truncated,native,12,1,1,12,0,12,0,12,0,0,0,12,0,1.15558,0.958226,1.842481
req_old_truncated_outer_body_aware,requests_old,truncated,outer_body_aware,12,1,1,12,0,12,0,12,0,0,0,12,0,1.266823,1.005919,1.739477
req_old_truncated_outer_broad,requests_old,truncated,outer_broad,12,1,1,12,0,12,0,12,0,0,0,12,0,1.405978,1.028593,3.015252
req_old_truncated_outer_selective,requests_old,truncated,outer_selective,12,1,1,12,0,12,0,12,0,0,0,12,0,1.249709,1.025108,2.140311
req_outer_broad_denied,requests,denied,outer_broad,12,2,2,0,0,12,0,0,12,0,0,12,0,22.648842,22.258272,23.854351
req_outer_broad_persistent,requests,persistent,outer_broad,12,4,4,0,0,12,0,12,0,0,0,12,0,24.063429,23.161104,29.436244
req_outer_broad_success,requests,success,outer_broad,12,1,1,12,12,0,0,12,0,0,12,0,0,1.096685,0.894911,1.425572
req_outer_broad_transient,requests,transient,outer_broad,12,2,2,12,12,0,0,12,0,0,12,0,0,1.820628,1.459503,2.132028
req_outer_selective_denied,requests,denied,outer_selective,12,1,1,0,12,0,0,12,0,0,12,0,0,1.15245,0.944106,1.998146
req_outer_selective_persistent,requests,persistent,outer_selective,12,2,2,0,12,0,0,12,0,0,12,0,0,22.627212,22.202107,25.343901
req_outer_selective_success,requests,success,outer_selective,12,1,1,12,12,0,0,12,0,0,12,0,0,1.154518,0.924325,3.45106
req_outer_selective_transient,requests,transient,outer_selective,12,2,2,12,12,0,0,12,0,0,12,0,0,22.747008,22.074935,23.791261
req_stop_delay_trickle,requests,trickle,stop_delay,12,1,1,12,0,12,0,12,0,0,0,12,0,302.76286,302.53346,303.593812
req_stop_delay_wait,requests,persistent,stop_delay,12,2,2,0,0,12,0,12,0,0,0,12,0,182.93524,182.63941,183.377875
smart_denied,smart_open,denied,body,12,1,1,0,12,0,0,12,0,0,12,0,0,3.96834,3.630541,5.006598
smart_success,smart_open,success,body,12,1,1,12,12,0,0,12,0,0,12,0,0,2.84119,2.518973,3.664211
smart_transient,smart_open,transient,body,12,1,1,0,12,0,0,12,0,0,12,0,0,4.185373,3.696511,6.201563
smart_trickle,smart_open,trickle,body,12,1,1,12,0,12,0,12,0,0,0,12,0,304.429833,304.050217,305.18937
smart_truncated,smart_open,truncated,body,12,2,2,12,0,12,0,12,0,0,0,12,0,1004.990906,1004.593169,1006.46367
urllib3_new_denied,urllib3_new,denied,native,12,1,1,0,12,0,0,12,0,0,12,0,0,0.846033,0.739186,2.203726
urllib3_new_persistent,urllib3_new,persistent,native,12,2,2,0,12,0,0,12,0,0,12,0,0,1.52674,1.303779,2.929292
urllib3_new_retry_after,urllib3_new,retry_after,native,12,2,2,12,0,12,0,12,0,0,0,12,0,1002.186884,1001.828415,1002.707315
urllib3_new_slow_headers,urllib3_new,slow_headers,native,12,2,2,0,12,0,0,12,0,0,12,0,0,161.419482,161.264024,163.131458
urllib3_new_success,urllib3_new,success,native,12,1,1,12,12,0,0,12,0,0,12,0,0,0.921386,0.652085,1.279267
urllib3_new_transient,urllib3_new,transient,native,12,2,2,12,12,0,0,12,0,0,12,0,0,1.4307,1.243818,3.367484
urllib3_new_trickle,urllib3_new,trickle,total_timeout,12,1,1,12,0,12,0,12,0,0,0,12,0,302.857301,302.52004,305.624823
urllib3_new_truncated,urllib3_new,truncated,native,12,1,1,0,12,0,0,12,0,0,12,0,0,0.803648,0.719767,1.203226
urllib3_old_denied,urllib3_old,denied,native,12,1,1,0,12,0,0,12,0,0,12,0,0,0.878672,0.792557,1.053455
urllib3_old_persistent,urllib3_old,persistent,native,12,2,2,0,12,0,0,12,0,0,12,0,0,1.553926,1.286613,2.050986
urllib3_old_retry_after,urllib3_old,retry_after,native,12,2,2,12,0,12,0,12,0,0,0,12,0,1002.133149,1001.96479,1003.4788
urllib3_old_slow_headers,urllib3_old,slow_headers,native,12,2,2,0,12,0,0,12,0,0,12,0,0,161.622307,161.281152,164.539518
urllib3_old_success,urllib3_old,success,native,12,1,1,12,12,0,0,12,0,0,12,0,0,0.832913,0.718855,0.991216
urllib3_old_transient,urllib3_old,transient,native,12,2,2,12,12,0,0,12,0,0,12,0,0,1.546645,1.392031,2.08
urllib3_old_trickle,urllib3_old,trickle,total_timeout,12,1,1,12,0,12,0,12,0,0,0,12,0,302.978815,302.641874,305.30015
urllib3_old_truncated,urllib3_old,truncated,native,12,1,1,12,0,12,0,12,0,0,0,12,0,0.894065,0.751945,1.075233
